index,train,val,test
0,S10101,S13011,S13011
1,S10102,S13013,S13013
2,S10103,S13021,S13021
3,S10111,S13023,S13023
4,S10112,S13061,S13061
5,S10113,S13062,S13062
6,S11011,S13063,S13063
7,S11012,S13071,S13071
8,S11013,S13072,S13072
9,S11021,S13073,S13073
10,S11022,S13082,S13082
11,S11023,S13092,S13092
12,S11031,S13093,S13093
13,S11032,S13101,S13101
14,S11051,S13102,S13102
15,S11053,S13103,S13103
16,S11061,S13112,S13112
17,S11062,S13113,S13113
18,S11063,S14011,S14011
19,S11071,S14012,S14012
20,S11072,S14013,S14013
21,S11073,S14022,S14022
22,S11091,S14033,S14033
23,S11093,S14061,S14061
24,S11101,S14062,S14062
25,S11102,S14063,S14063
26,S11103,S14071,S14071
27,S11111,S14072,S14072
28,S11112,S14073,S14073
29,S11113,S14091,S14091
30,S12011,S14092,S14092
31,S12012,S14093,S14093
32,S12013,S14102,S14102
33,S12021,S14103,S14103
34,S12042,S14111,S14111
35,S12061,S14112,S14112
36,S12062,,
37,S12073,,
38,S12101,,
39,S12102,,
40,S12103,,
41,S12113,,
42,S5011,,
43,S5012,,
44,S5013,,
45,S5031,,
46,S5033,,
47,S5061,,
48,S5062,,
49,S5063,,
50,S5071,,
51,S5072,,
52,S5073,,
53,S5081,,
54,S5083,,
55,S5091,,
56,S5092,,
57,S5093,,
58,S5101,,
59,S5102,,
60,S5103,,
61,S5111,,
62,S5112,,
63,S5113,,
64,S6011,,
65,S6012,,
66,S6013,,
67,S6021,,
68,S6022,,
69,S6023,,
70,S6031,,
71,S6041,,
72,S6061,,
73,S6062,,
74,S6063,,
75,S6071,,
76,S6073,,
77,S6091,,
78,S6092,,
79,S6093,,
80,S6102,,
81,S6103,,
82,S6112,,
83,S6113,,
84,S7011,,
85,S7012,,
86,S7013,,
87,S7023,,
88,S7031,,
89,S7032,,
90,S7033,,
91,S7053,,
92,S7061,,
93,S7062,,
94,S7063,,
95,S8011,,
96,S8012,,
97,S8013,,
98,S8021,,
99,S8023,,
100,S8032,,
101,S8053,,
102,S8062,,
103,S8063,,
